insert into "user"
values (101, 1, '$2a$10$r4uDItrEsHSILwlGMrLo/OZxjB0duHIOzkW9O5IElXEiYpi0UyIkC', 'content_manager1');
insert into "user"
values (102, 2, '$2a$10$GYzwcRiC9Bizu35nyBHIpu4PWsmXuZhE8l12CFLWhNOIpsMwBN3Z6', 'user2');
insert into "user"
values (103, 3, '$2a$10$6ZpeHyNi8peunxD2UP.ufu2eoAfgOiAfksgrIp11j2/ZO23WTzWzS', 'user3');
insert into "user"
values (104, 4, '$2a$10$fKQypoKx4y0UPJZSVG5x2OKL64DR9E2uz3L7Spt76Q7SBZrRBG3au', 'user4');

insert into "user_roles"
values (101, 'ROLE_CONTENT_MANAGER');
insert into "user_roles"
values (102, 'ROLE_CLIENT');
insert into "user_roles"
values (103, 'ROLE_CLIENT');
insert into "user_roles"
values (104, 'ROLE_CLIENT');

insert into "video_content"
values ('b49373cc-e552-11ed-b5ea-0242ac120002',
        'This movie is adapted from the novel of the same name and shows a different world where different types of creatures live. Humans, elves, dwarfs, hobbits, ours are some of them. Lord of Darkness Sharoun who created the most powerful ring to help him reign over the world. But one human king Isipdur with an alliance with the elves defeated the dark lord and took the ring so that he can destroy the evil ring. But the ring has this cursed power that whoever possessed it comes under the influence of its power and can''t let it go. The king decided to keep him to himself, relinquishing the only chance of destroying the ring. But no one can keep the ring for a long time other than its true owner as it attracts other creatures who desire for power. After Isipdur it passes to Golloum who keeps it for 500 years, but ring seeks its owner and Golloum loses it. A Hobbit named Bilbo finds it and keeps it for many years and passes it to his nephew Frodo, who decides to destroy it so that there will be no chance of Sharoun''s return. So Frodo and eight begin their journey to the cracks of doom as the birthplace of the ring is the only place where it can die. This fellowship includes four Hobbits, one wizard, one elf, one dwarf and two humans. So, through the mines of Moriah, the forests of the Elves, the river, they started their journey.',
        178, 'The Lord of the Rings: The Fellowship of the Ring', 1000,
        'An ancient Ring thought lost for centuries has been found, and through a strange twist of fate has been given to a small Hobbit named Frodo. When Gandalf discovers the Ring is in fact the One Ring of the Dark Lord Sauron, Frodo must make an epic quest to the Cracks of Doom in order to destroy it. However, he does not go alone. He is joined by Gandalf, Legolas the elf, Gimli the Dwarf, Aragorn, Boromir, and his three Hobbit friends Merry, Pippin, and Samwise. Through mountains, snow, darkness, forests, rivers and plains, facing evil and danger at every corner the Fellowship of the Ring must go. Their quest to destroy the One Ring is the only hope for the end of the Dark Lords reign.',
        12345);
insert into "video_content"
values ('b4934dac-e552-11ed-b5ea-0242ac120002',
        'Out in the world, one who is compelled to create is considered abnormal. Society is hard on the non-conformist. A creator may solve impossible puzzles with his brain or write symphony; he turns nothing into something. Success in his endeavor may result in the masses of society clustering at the median to call him "genius." But, beware: this means they can neither understand the achievement nor hope to equal the mind who made it. The same masses who eagerly accept his gifts with the one hand will turn around and push him into a snake pit with the other. Such is the cautionary tale of Alan Mathison Turing, master of the puzzle and father of the modern computer.',
        114, 'The Imitation Game', 100000,
        'It is based on the real life story of legendary cryptanalyst Alan Turing. The film portrays the nail-biting race against time by Turing and his brilliant team of code-breakers at Britain''s top-secret Government Code and Cypher School at Bletchley Park, during the darkest days of World War II.',
        1000000);
insert into "video_content"
values ('b49350cc-e552-11ed-b5ea-0242ac120002',
        'During Harry Potter''s sixth year at Hogwarts, he finds a book that once belonged to the mysterious Half-Blood Prince that earns him the respect of his new Potions professor Horace Slughorn. In addition, Dumbledore must prepare Harry for the ultimate final confrontation by finding out the secret behind Voldemort''s power. Meanwhile, a hidden enemy waits in the shadows to carry out a mission given to him by the Dark Lord.',
        143, 'Harry Potter and the Half-Blood Prince', 300,
        'During Harry Potter''s sixth year at Hogwarts, he finds a book that once belonged to the mysterious Half-Blood Prince that earns him the respect of his new Potions professor Horace Slughorn. In addition, Dumbledore must prepare Harry for the ultimate final confrontation by finding out the secret behind Voldemort''s power. Meanwhile, a hidden enemy waits in the shadows to carry out a mission given to him by the Dark Lord.',
        12121);
insert into "video_content"
values ('b4935298-e552-11ed-b5ea-0242ac120002', 'description 4', 103, 'name 4', 4, 'short description 4', 13);
insert into "video_content"
values ('b493541e-e552-11ed-b5ea-0242ac120002', 'description 5', 104, 'name 5', 5, 'short description 5', 14);
insert into "video_content"
values ('b493559a-e552-11ed-b5ea-0242ac120002', 'description 6', 105, 'name 6', 6, 'short description 6', 15);
insert into "video_content"
values ('b4935734-e552-11ed-b5ea-0242ac120002', 'description 7', 106, 'name 7', 7, 'short description 7', 16);
insert into "video_content"
values ('b49358c4-e552-11ed-b5ea-0242ac120002', 'description 8', 107, 'name 8', 8, 'short description 8', 17);
insert into "video_content"
values ('b4935f72-e552-11ed-b5ea-0242ac120002', 'description 9', 108, 'name 9', 9, 'short description 9', 18);
insert into "video_content"
values ('b4936134-e552-11ed-b5ea-0242ac120002', 'description 10', 109, 'name 10', 10, 'short description 10', 19);
insert into "video_content"
values ('b49362ba-e552-11ed-b5ea-0242ac120002', 'description 11', 110, 'name 11', 11, 'short description 11', 20);
insert into "video_content"
values ('b493644a-e552-11ed-b5ea-0242ac120002', 'description 12', 111, 'name 12', 12, 'short description 12', 21);
insert into "video_content"
values ('b49365d0-e552-11ed-b5ea-0242ac120002', 'description 13', 112, 'name 13', 13, 'short description 13', 22);
insert into "video_content"
values ('b4936756-e552-11ed-b5ea-0242ac120002', 'description 14', 113, 'name 14', 14, 'short description 14', 23);
insert into "video_content"
values ('b49368dc-e552-11ed-b5ea-0242ac120002', 'description 15', 114, 'name 15', 15, 'short description 15', 24);
insert into "video_content"
values ('b4936a58-e552-11ed-b5ea-0242ac120002', 'description 16', 115, 'name 16', 16, 'short description 16', 25);
insert into "video_content"
values ('b4936da0-e552-11ed-b5ea-0242ac120002', 'description 17', 116, 'name 17', 17, 'short description 17', 26);
insert into "video_content"
values ('b4936f30-e552-11ed-b5ea-0242ac120002', 'description 18', 117, 'name 18', 18, 'short description 18', 27);
insert into "video_content"
values ('b49370b6-e552-11ed-b5ea-0242ac120002', 'description 19', 118, 'name 19', 19, 'short description 19', 28);
insert into "video_content"
values ('b4937246-e552-11ed-b5ea-0242ac120002', 'description 20', 119, 'name 20', 20, 'short description 20', 29);

insert into "genre"
values (101, 'Action');
insert into "genre"
values (102, 'Animation');
insert into "genre"
values (103, 'Comedy');
insert into "genre"
values (104, 'Crime');
insert into "genre"
values (105, 'Drama');
insert into "genre"
values (106, 'Fantasy');
insert into "genre"
values (107, 'Historical');
insert into "genre"
values (108, 'Horror');
insert into "genre"
values (109, 'Romance');
insert into "genre"
values (110, 'Science fiction');
insert into "genre"
values (111, 'Biography');
insert into "genre"
values (112, 'Thriller');
insert into "genre"
values (113, 'War');
insert into "genre"
values (114, 'Adventure');
insert into "genre"
values (115, 'Family');
insert into "genre"
values (116, 'Mystery');

insert into "video_content_genres"
values ('b49373cc-e552-11ed-b5ea-0242ac120002', 101);
insert into "video_content_genres"
values ('b49373cc-e552-11ed-b5ea-0242ac120002', 114);
insert into "video_content_genres"
values ('b49373cc-e552-11ed-b5ea-0242ac120002', 105);
insert into "video_content_genres"
values ('b49373cc-e552-11ed-b5ea-0242ac120002', 106);
insert into "video_content_genres"
values ('b4934dac-e552-11ed-b5ea-0242ac120002', 111);
insert into "video_content_genres"
values ('b4934dac-e552-11ed-b5ea-0242ac120002', 105);
insert into "video_content_genres"
values ('b4934dac-e552-11ed-b5ea-0242ac120002', 112);
insert into "video_content_genres"
values ('b4934dac-e552-11ed-b5ea-0242ac120002', 113);
insert into "video_content_genres"
values ('b49350cc-e552-11ed-b5ea-0242ac120002', 101);
insert into "video_content_genres"
values ('b49350cc-e552-11ed-b5ea-0242ac120002', 114);
insert into "video_content_genres"
values ('b49350cc-e552-11ed-b5ea-0242ac120002', 115);
insert into "video_content_genres"
values ('b49350cc-e552-11ed-b5ea-0242ac120002', 106);
insert into "video_content_genres"
values ('b49350cc-e552-11ed-b5ea-0242ac120002', 116);

insert into "language"
values (11, 'English', 'en');
insert into "language"
values (12, 'Russian', 'ru');
insert into "language"
values (13, 'French', 'fr');

insert into "video_content_loc"
values ('adf91fd4-e7e2-11ed-a05b-0242ac120003', 11, 'b49373cc-e552-11ed-b5ea-0242ac120002');
insert into "video_content_loc"
values ('adf92330-e7e2-11ed-a05b-0242ac120003', 12, 'b49373cc-e552-11ed-b5ea-0242ac120002');
insert into "video_content_loc"
values ('adf9247a-e7e2-11ed-a05b-0242ac120003', 13, 'b49373cc-e552-11ed-b5ea-0242ac120002');
insert into "video_content_loc"
values ('84f8f4e2-e855-11ed-a05b-0242ac120003', 11, 'b4934dac-e552-11ed-b5ea-0242ac120002');
insert into "video_content_loc"
values ('84f900cc-e855-11ed-a05b-0242ac120003', 12, 'b4934dac-e552-11ed-b5ea-0242ac120002');
insert into "video_content_loc"
values ('84f901f8-e855-11ed-a05b-0242ac120003', 13, 'b4934dac-e552-11ed-b5ea-0242ac120002');
insert into "video_content_loc"
values ('591a9312-fc1e-11ed-be56-0242ac120002', 11, 'b49350cc-e552-11ed-b5ea-0242ac120002');
insert into "video_content_loc"
values ('591a9894-fc1e-11ed-be56-0242ac120002', 12, 'b49350cc-e552-11ed-b5ea-0242ac120002');
insert into "video_content_loc"
values ('591a998e-fc1e-11ed-be56-0242ac120002', 13, 'b49350cc-e552-11ed-b5ea-0242ac120002');

insert into "video_content_video_content_locs"
values ('b49373cc-e552-11ed-b5ea-0242ac120002', 'adf91fd4-e7e2-11ed-a05b-0242ac120003');
insert into "video_content_video_content_locs"
values ('b49373cc-e552-11ed-b5ea-0242ac120002', 'adf92330-e7e2-11ed-a05b-0242ac120003');
insert into "video_content_video_content_locs"
values ('b49373cc-e552-11ed-b5ea-0242ac120002', 'adf9247a-e7e2-11ed-a05b-0242ac120003');
insert into "video_content_video_content_locs"
values ('b4934dac-e552-11ed-b5ea-0242ac120002', '84f8f4e2-e855-11ed-a05b-0242ac120003');
insert into "video_content_video_content_locs"
values ('b4934dac-e552-11ed-b5ea-0242ac120002', '84f900cc-e855-11ed-a05b-0242ac120003');
insert into "video_content_video_content_locs"
values ('b4934dac-e552-11ed-b5ea-0242ac120002', '84f901f8-e855-11ed-a05b-0242ac120003');
insert into "video_content_video_content_locs"
values ('b49350cc-e552-11ed-b5ea-0242ac120002', '591a9312-fc1e-11ed-be56-0242ac120002');
insert into "video_content_video_content_locs"
values ('b49350cc-e552-11ed-b5ea-0242ac120002', '591a9894-fc1e-11ed-be56-0242ac120002');
insert into "video_content_video_content_locs"
values ('b49350cc-e552-11ed-b5ea-0242ac120002', '591a998e-fc1e-11ed-be56-0242ac120002');

insert into "subtitle"
values ('4c0225a4-e7e3-11ed-a05b-0242ac120003', 12);
insert into "subtitle"
values ('4c0229be-e7e3-11ed-a05b-0242ac120003', 13);
insert into "subtitle"
values ('4868d1b8-e856-11ed-a05b-0242ac120003', 12);
insert into "subtitle"
values ('4868d5d2-e856-11ed-a05b-0242ac120003', 13);
insert into "subtitle"
values ('ca471772-fc1e-11ed-be56-0242ac120002', 12);
insert into "subtitle"
values ('ca4719e8-fc1e-11ed-be56-0242ac120002', 13);

insert into "video_content_loc_subtitles"
values ('adf91fd4-e7e2-11ed-a05b-0242ac120003', '4c0225a4-e7e3-11ed-a05b-0242ac120003');
insert into "video_content_loc_subtitles"
values ('adf91fd4-e7e2-11ed-a05b-0242ac120003', '4c0229be-e7e3-11ed-a05b-0242ac120003');
insert into "video_content_loc_subtitles"
values ('84f8f4e2-e855-11ed-a05b-0242ac120003', '4868d1b8-e856-11ed-a05b-0242ac120003');
insert into "video_content_loc_subtitles"
values ('84f8f4e2-e855-11ed-a05b-0242ac120003', '4868d5d2-e856-11ed-a05b-0242ac120003');
insert into "video_content_loc_subtitles"
values ('591a9312-fc1e-11ed-be56-0242ac120002', 'ca471772-fc1e-11ed-be56-0242ac120002');
insert into "video_content_loc_subtitles"
values ('591a9312-fc1e-11ed-be56-0242ac120002', 'ca4719e8-fc1e-11ed-be56-0242ac120002');

insert into "duo_watch_request"
values (101, now(), 'OPEN', now(), 103, 12, 'adf91fd4-e7e2-11ed-a05b-0242ac120003');
insert into "duo_watch_request"
values (102, now(), 'OPEN', now(), 103, 12, '84f8f4e2-e855-11ed-a05b-0242ac120003');
insert into "duo_watch_request"
values (103, now(), 'OPEN', now(), 103, 12, '591a9312-fc1e-11ed-be56-0242ac120002');

insert into "dictionary"
values (101, 'Dictionary 1', 11, 102, 12);
insert into "dictionary"
values (102, 'Dictionary 2', 12, 102, 11);
insert into "dictionary"
values (103, 'Dictionary 3', 11, 102, 13);
insert into "dictionary"
values (104, 'Dictionary 4', 12, 102, 13);
insert into "dictionary"
values (105, 'Dictionary 5', 13, 102, 11);

insert into "dictionary_word"
values (101, 7, 'hello', 23, 'привет', '/heˈloʊ/', 101);
insert into "dictionary_word"
values (102, 17, 'world', 25, 'мир', '/wɝːld/', 101);
insert into "dictionary_word"
values (103, 4, 'ring', 4, 'кольцо', '/rɪŋ/', 101);
insert into "dictionary_word"
values (104, 8, 'house', 17, 'дом', '/ˈhaʊ.zɪz/', 101);
insert into "dictionary_word"
values (105, 0, 'car', 2, 'машина', '/kɑːr/', 101);

insert into "dictionary_dictionary_words"
values (101, 101);
insert into "dictionary_dictionary_words"
values (101, 102);
insert into "dictionary_dictionary_words"
values (101, 103);
insert into "dictionary_dictionary_words"
values (101, 104);
insert into "dictionary_dictionary_words"
values (101, 105);